{
  "project_info": {
    "project_number": "23093222249",
    "firebase_url": "https://gcm-material-recipe.firebaseio.com",
    "project_id": "gcm-material-recipe"
  },
  "client": [
    {
      "client_info": {
        "mobilesdk_app_id": "1:23093222249:android:e68a01b217a1643a",
        "android_client_info": {
          "package_name": "app.mtrl.recipe"
        }
      },
      "oauth_client": [
        {
          "client_id": "23093222249-l6grqgerr5iidojib1h02f1e73bmh3qa.apps.googleusercontent.com",
          "client_type": 3
        }
      ],
      "api_key": [
        {
          "current_key": "AIzaSyDf7Bp9HTeF0o7vtFg-t5dNVALUUvNwVbw"
        }
      ],
      "services": {
        "analytics_service": {
          "status": 1
        },
        "appinvite_service": {
          "status": 1,
          "other_platform_oauth_client": []
        },
        "ads_service": {
          "status": 2
        }
      }
    },
    {
      "client_info": {
        "mobilesdk_app_id": "1:23093222249:android:84c75cf7f58bb20b",
        "android_client_info": {
          "package_name": "com.app.materialrecipe"
        }
      },
      "oauth_client": [
        {
          "client_id": "23093222249-l6grqgerr5iidojib1h02f1e73bmh3qa.apps.googleusercontent.com",
          "client_type": 3
        }
      ],
      "api_key": [
        {
          "current_key": "AIzaSyDf7Bp9HTeF0o7vtFg-t5dNVALUUvNwVbw"
        }
      ],
      "services": {
        "analytics_service": {
          "status": 2,
          "analytics_property": {
            "tracking_id": "UA-73765712-2"
          }
        },
        "appinvite_service": {
          "status": 1,
          "other_platform_oauth_client": []
        },
        "ads_service": {
          "status": 2
        }
      }
    }
  ],
  "configuration_version": "1"
}